kills,time,health,score,movement,rotate,shoot,reward
1,-0.04304797947406769,100,93.5372314453125,76,64,26,-5282
2,-0.10395891219377518,100,123.55172729492188,149,142,50,-3000
