kills,time,health,score,movement,rotate,shoot,reward
2,-0.03140512853860855,100,118.25672149658203,69,78,19,-1524
