kills,time,health,score,movement,rotate,shoot,reward
1,-0.49637851119041443,100,82.95855712890625,75,75,17,-3762
